CREATE DATABASE  IF NOT EXISTS `school` /*!40100 DEFAULT CHARACTER SET latin1 */;
USE `school`;
-- MySQL dump 10.13  Distrib 5.6.13, for Win32 (x86)
--
-- Host: 127.0.0.1    Database: school
-- ------------------------------------------------------
-- Server version	5.6.24

/*!40101 SET @OLD_CHARACTER_SET_CLIENT=@@CHARACTER_SET_CLIENT */;
/*!40101 SET @OLD_CHARACTER_SET_RESULTS=@@CHARACTER_SET_RESULTS */;
/*!40101 SET @OLD_COLLATION_CONNECTION=@@COLLATION_CONNECTION */;
/*!40101 SET NAMES utf8 */;
/*!40103 SET @OLD_TIME_ZONE=@@TIME_ZONE */;
/*!40103 SET TIME_ZONE='+00:00' */;
/*!40014 SET @OLD_UNIQUE_CHECKS=@@UNIQUE_CHECKS, UNIQUE_CHECKS=0 */;
/*!40014 SET @OLD_FOREIGN_KEY_CHECKS=@@FOREIGN_KEY_CHECKS, FOREIGN_KEY_CHECKS=0 */;
/*!40101 SET @OLD_SQL_MODE=@@SQL_MODE, SQL_MODE='NO_AUTO_VALUE_ON_ZERO' */;
/*!40111 SET @OLD_SQL_NOTES=@@SQL_NOTES, SQL_NOTES=0 */;

--
-- Table structure for table `courses`
--

DROP TABLE IF EXISTS `courses`;
/*!40101 SET @saved_cs_client     = @@character_set_client */;
/*!40101 SET character_set_client = utf8 */;
CREATE TABLE `courses` (
  `courses_id` int(11) NOT NULL AUTO_INCREMENT,
  `course` varchar(45) DEFAULT NULL,
  PRIMARY KEY (`courses_id`)
) ENGINE=InnoDB AUTO_INCREMENT=4 DEFAULT CHARSET=latin1;
/*!40101 SET character_set_client = @saved_cs_client */;

--
-- Dumping data for table `courses`
--

LOCK TABLES `courses` WRITE;
/*!40000 ALTER TABLE `courses` DISABLE KEYS */;
INSERT INTO `courses` VALUES (1,'Maths'),(2,'Science'),(3,'AI');
/*!40000 ALTER TABLE `courses` ENABLE KEYS */;
UNLOCK TABLES;

--
-- Table structure for table `students`
--

DROP TABLE IF EXISTS `students`;
/*!40101 SET @saved_cs_client     = @@character_set_client */;
/*!40101 SET character_set_client = utf8 */;
CREATE TABLE `students` (
  `students_id` int(11) NOT NULL AUTO_INCREMENT,
  `student` varchar(45) DEFAULT NULL,
  PRIMARY KEY (`students_id`)
) ENGINE=InnoDB AUTO_INCREMENT=4 DEFAULT CHARSET=latin1;
/*!40101 SET character_set_client = @saved_cs_client */;

--
-- Dumping data for table `students`
--

LOCK TABLES `students` WRITE;
/*!40000 ALTER TABLE `students` DISABLE KEYS */;
INSERT INTO `students` VALUES (1,'Davis'),(2,'Peter'),(3,'Jon');
/*!40000 ALTER TABLE `students` ENABLE KEYS */;
UNLOCK TABLES;

--
-- Table structure for table `students_courses`
--

DROP TABLE IF EXISTS `students_courses`;
/*!40101 SET @saved_cs_client     = @@character_set_client */;
/*!40101 SET character_set_client = utf8 */;
CREATE TABLE `students_courses` (
  `students_id` int(11) NOT NULL,
  `courses_id` int(11) NOT NULL,
  `year` int(11) NOT NULL,
  `mark` int(11) NOT NULL,
  PRIMARY KEY (`students_id`,`courses_id`),
  KEY `fk_sc_courses_idx` (`courses_id`),
  CONSTRAINT `fk_sc_courses` FOREIGN KEY (`courses_id`) REFERENCES `courses` (`courses_id`) ON DELETE NO ACTION ON UPDATE NO ACTION,
  CONSTRAINT `fk_sc_students` FOREIGN KEY (`students_id`) REFERENCES `students` (`students_id`) ON DELETE NO ACTION ON UPDATE NO ACTION
) ENGINE=InnoDB DEFAULT CHARSET=latin1;
/*!40101 SET character_set_client = @saved_cs_client */;

--
-- Dumping data for table `students_courses`
--

LOCK TABLES `students_courses` WRITE;
/*!40000 ALTER TABLE `students_courses` DISABLE KEYS */;
INSERT INTO `students_courses` VALUES (1,1,1990,9),(1,2,1990,8),(1,3,1990,9),(2,1,1990,5),(2,2,1990,6),(2,3,1990,4),(3,1,2007,6),(3,2,2007,4),(3,3,2002,5);
/*!40000 ALTER TABLE `students_courses` ENABLE KEYS */;
UNLOCK TABLES;
/*!40103 SET TIME_ZONE=@OLD_TIME_ZONE */;

/*!40101 SET SQL_MODE=@OLD_SQL_MODE */;
/*!40014 SET FOREIGN_KEY_CHECKS=@OLD_FOREIGN_KEY_CHECKS */;
/*!40014 SET UNIQUE_CHECKS=@OLD_UNIQUE_CHECKS */;
/*!40101 SET CHARACTER_SET_CLIENT=@OLD_CHARACTER_SET_CLIENT */;
/*!40101 SET CHARACTER_SET_RESULTS=@OLD_CHARACTER_SET_RESULTS */;
/*!40101 SET COLLATION_CONNECTION=@OLD_COLLATION_CONNECTION */;
/*!40111 SET SQL_NOTES=@OLD_SQL_NOTES */;

-- Dump completed on 2016-10-18 17:40:56
